﻿"VulnerabilityID","PkgName","InstalledVersion","FixedVersion","Severity","Title","PrimaryURL"
"CVE-2022-27943","gcc-12-base","12.2.0-14+deb12u1",,"LOW","binutils: libiberty/rust-demangle.c in GNU GCC 11.2 allows stack exhaustion in demangle_const","https://avd.aquasec.com/nvd/cve-2022-27943"
"CVE-2026-0861","libc6","2.36-9+deb12u13",,"HIGH","glibc: Integer overflow in memalign leads to heap corruption","https://avd.aquasec.com/nvd/cve-2026-0861"
"CVE-2025-15281","libc6","2.36-9+deb12u13",,"MEDIUM","glibc: wordexp with WRDE_REUSE and WRDE_APPEND may return uninitialized memory","https://avd.aquasec.com/nvd/cve-2025-15281"
"CVE-2026-0915","libc6","2.36-9+deb12u13",,"MEDIUM","glibc: glibc: Information disclosure via zero-valued network query","https://avd.aquasec.com/nvd/cve-2026-0915"
"CVE-2010-4756","libc6","2.36-9+deb12u13",,"LOW","glibc: glob implementation can cause excessive CPU and memory consumption due to crafted glob expressions","https://avd.aquasec.com/nvd/cve-2010-4756"
"CVE-2018-20796","libc6","2.36-9+deb12u13",,"LOW","glibc: uncontrolled recursion in function check_dst_limits_calc_pos_1 in posix/regexec.c","https://avd.aquasec.com/nvd/cve-2018-20796"
"CVE-2019-1010022","libc6","2.36-9+deb12u13",,"LOW","glibc: stack guard protection bypass","https://avd.aquasec.com/nvd/cve-2019-1010022"
"CVE-2019-1010023","libc6","2.36-9+deb12u13",,"LOW","glibc: running ldd on malicious ELF leads to code execution because of wrong size computation","https://avd.aquasec.com/nvd/cve-2019-1010023"
"CVE-2019-1010024","libc6","2.36-9+deb12u13",,"LOW","glibc: ASLR bypass using cache of thread stack and heap","https://avd.aquasec.com/nvd/cve-2019-1010024"
"CVE-2019-1010025","libc6","2.36-9+deb12u13",,"LOW","glibc: information disclosure of heap addresses of pthread_created thread","https://avd.aquasec.com/nvd/cve-2019-1010025"
"CVE-2019-9192","libc6","2.36-9+deb12u13",,"LOW","glibc: uncontrolled recursion in function check_dst_limits_calc_pos_1 in posix/regexec.c","https://avd.aquasec.com/nvd/cve-2019-9192"
"CVE-2022-27943","libgcc-s1","12.2.0-14+deb12u1",,"LOW","binutils: libiberty/rust-demangle.c in GNU GCC 11.2 allows stack exhaustion in demangle_const","https://avd.aquasec.com/nvd/cve-2022-27943"
"CVE-2022-27943","libgomp1","12.2.0-14+deb12u1",,"LOW","binutils: libiberty/rust-demangle.c in GNU GCC 11.2 allows stack exhaustion in demangle_const","https://avd.aquasec.com/nvd/cve-2022-27943"
"CVE-2025-15467","libssl3","3.0.17-1~deb12u3","3.0.18-1~deb12u2","CRITICAL","openssl: OpenSSL: Remote code execution or Denial of Service via oversized Initialization Vector in CMS parsing","https://avd.aquasec.com/nvd/cve-2025-15467"
"CVE-2025-69419","libssl3","3.0.17-1~deb12u3","3.0.18-1~deb12u2","HIGH","openssl: OpenSSL: Arbitrary code execution due to out-of-bounds write in PKCS#12 processing","https://avd.aquasec.com/nvd/cve-2025-69419"
"CVE-2025-69421","libssl3","3.0.17-1~deb12u3","3.0.18-1~deb12u2","HIGH","openssl: OpenSSL: Denial of Service via malformed PKCS#12 file processing","https://avd.aquasec.com/nvd/cve-2025-69421"
"CVE-2025-68160","libssl3","3.0.17-1~deb12u3","3.0.18-1~deb12u2","MEDIUM","openssl: OpenSSL: Denial of Service due to out-of-bounds write in BIO filter","https://avd.aquasec.com/nvd/cve-2025-68160"
"CVE-2025-69418","libssl3","3.0.17-1~deb12u3","3.0.18-1~deb12u2","MEDIUM","openssl: OpenSSL: Information disclosure and data tampering via specific low-level OCB encryption/decryption calls","https://avd.aquasec.com/nvd/cve-2025-69418"
"CVE-2025-69420","libssl3","3.0.17-1~deb12u3","3.0.18-1~deb12u2","MEDIUM","openssl: OpenSSL: Denial of Service via malformed TimeStamp Response","https://avd.aquasec.com/nvd/cve-2025-69420"
"CVE-2026-22795","libssl3","3.0.17-1~deb12u3","3.0.18-1~deb12u2","MEDIUM","openssl: OpenSSL: Denial of Service due to type confusion in PKCS#12 file processing","https://avd.aquasec.com/nvd/cve-2026-22795"
"CVE-2026-22796","libssl3","3.0.17-1~deb12u3","3.0.18-1~deb12u2","MEDIUM","openssl: OpenSSL: Denial of Service via type confusion in PKCS#7 signature verification","https://avd.aquasec.com/nvd/cve-2026-22796"
"CVE-2025-27587","libssl3","3.0.17-1~deb12u3",,"LOW","OpenSSL 3.0.0 through 3.3.2 on the PowerPC architecture is vulnerable  ...","https://avd.aquasec.com/nvd/cve-2025-27587"
"CVE-2022-27943","libstdc++6","12.2.0-14+deb12u1",,"LOW","binutils: libiberty/rust-demangle.c in GNU GCC 11.2 allows stack exhaustion in demangle_const","https://avd.aquasec.com/nvd/cve-2022-27943"
"NSWG-ECO-428","base64url","0.0.6",">=3.0.0","HIGH","Out-of-bounds Read","https://hackerone.com/reports/321687"
"GHSA-rvg8-pwq2-xj7q","base64url","0.0.6","3.0.0","MEDIUM","Out-of-bounds Read in base64url","https://github.com/advisories/GHSA-rvg8-pwq2-xj7q"
"CVE-2024-4068","braces","2.3.2","3.0.3","HIGH","braces: fails to limit the number of characters it can handle","https://avd.aquasec.com/nvd/cve-2024-4068"
"CVE-2024-47764","cookie","0.4.2","0.7.0","LOW","cookie: cookie accepts cookie name, path, and domain with out of bounds characters","https://avd.aquasec.com/nvd/cve-2024-47764"
"CVE-2023-46233","crypto-js","3.3.0","4.2.0","CRITICAL","crypto-js: PBKDF2 1,000 times weaker than specified in 1993 and 1.3M times weaker than current standard","https://avd.aquasec.com/nvd/cve-2023-46233"
"CVE-2026-24001","diff","4.0.2","8.0.3, 5.2.2, 4.0.4, 3.5.1","LOW","jsdiff: denial of service vulnerability in parsePatch and applyPatch","https://avd.aquasec.com/nvd/cve-2026-24001"
"CVE-2022-41940","engine.io","4.1.2","3.6.1, 6.2.1","MEDIUM","engine.io: Specially crafted HTTP request can trigger an uncaught exception","https://avd.aquasec.com/nvd/cve-2022-41940"
"CVE-2020-15084","express-jwt","0.1.3","6.0.0","HIGH","Authorization bypass in express-jwt","https://avd.aquasec.com/nvd/cve-2020-15084"
"CVE-2022-33987","got","8.3.2","12.1.0, 11.8.5","MEDIUM","nodejs-got: missing verification of requested URLs allows redirects to UNIX sockets","https://avd.aquasec.com/nvd/cve-2022-33987"
"CVE-2022-25881","http-cache-semantics","3.8.1","4.1.1","HIGH","http-cache-semantics: Regular Expression Denial of Service (ReDoS) vulnerability","https://avd.aquasec.com/nvd/cve-2022-25881"
"CVE-2024-29415","ip","2.0.1",,"HIGH","node-ip: Incomplete fix for CVE-2023-42282","https://avd.aquasec.com/nvd/cve-2024-29415"
"CVE-2025-64718","js-yaml","3.14.1","4.1.1, 3.14.2","MEDIUM","js-yaml: js-yaml prototype pollution in merge","https://avd.aquasec.com/nvd/cve-2025-64718"
"CVE-2015-9235","jsonwebtoken","0.1.0","4.2.2","CRITICAL","nodejs-jsonwebtoken: verification step bypass with an altered token","https://avd.aquasec.com/nvd/cve-2015-9235"
"CVE-2022-23539","jsonwebtoken","0.1.0","9.0.0","HIGH","jsonwebtoken: Unrestricted key type could lead to legacy keys usagen","https://avd.aquasec.com/nvd/cve-2022-23539"
"NSWG-ECO-17","jsonwebtoken","0.1.0",">=4.2.2","HIGH","Verification Bypass",
"CVE-2022-23540","jsonwebtoken","0.1.0","9.0.0","MEDIUM","jsonwebtoken: Insecure default algorithm in jwt.verify() could lead to signature validation bypass","https://avd.aquasec.com/nvd/cve-2022-23540"
"CVE-2022-23541","jsonwebtoken","0.1.0","9.0.0","MEDIUM","jsonwebtoken: Insecure implementation of key retrieval function could lead to Forgeable Public/Private Tokens from RSA to HMAC","https://avd.aquasec.com/nvd/cve-2022-23541"
"CVE-2015-9235","jsonwebtoken","0.4.0","4.2.2","CRITICAL","nodejs-jsonwebtoken: verification step bypass with an altered token","https://avd.aquasec.com/nvd/cve-2015-9235"
"CVE-2022-23539","jsonwebtoken","0.4.0","9.0.0","HIGH","jsonwebtoken: Unrestricted key type could lead to legacy keys usagen","https://avd.aquasec.com/nvd/cve-2022-23539"
"NSWG-ECO-17","jsonwebtoken","0.4.0",">=4.2.2","HIGH","Verification Bypass",
"CVE-2022-23540","jsonwebtoken","0.4.0","9.0.0","MEDIUM","jsonwebtoken: Insecure default algorithm in jwt.verify() could lead to signature validation bypass","https://avd.aquasec.com/nvd/cve-2022-23540"
"CVE-2022-23541","jsonwebtoken","0.4.0","9.0.0","MEDIUM","jsonwebtoken: Insecure implementation of key retrieval function could lead to Forgeable Public/Private Tokens from RSA to HMAC","https://avd.aquasec.com/nvd/cve-2022-23541"
"CVE-2016-1000223","jws","0.2.6",">=3.0.0","HIGH","Forgeable Public/Private Tokens","https://avd.aquasec.com/nvd/cve-2016-1000223"
"CVE-2025-65945","jws","0.2.6","3.2.3, 4.0.1","HIGH","node-jws: auth0/node-jws: Improper signature verification in HS256 algorithm","https://avd.aquasec.com/nvd/cve-2025-65945"
"CVE-2019-10744","lodash","2.4.2","4.17.12","CRITICAL","nodejs-lodash: prototype pollution in defaultsDeep function leading to modifying properties","https://avd.aquasec.com/nvd/cve-2019-10744"
"CVE-2018-16487","lodash","2.4.2",">=4.17.11","HIGH","lodash: Prototype pollution in utilities function","https://avd.aquasec.com/nvd/cve-2018-16487"
"CVE-2021-23337","lodash","2.4.2","4.17.21","HIGH","nodejs-lodash: command injection via template","https://avd.aquasec.com/nvd/cve-2021-23337"
"CVE-2018-3721","lodash","2.4.2",">=4.17.5","LOW","lodash: Prototype pollution in utilities function","https://avd.aquasec.com/nvd/cve-2018-3721"
"CVE-2025-13465","lodash","4.17.21","4.17.23","MEDIUM","lodash: prototype pollution in _.unset and _.omit functions","https://avd.aquasec.com/nvd/cve-2025-13465"
"CVE-2020-8203","lodash.set","4.3.2",,"HIGH","nodejs-lodash: prototype pollution in zipObjectDeep function","https://avd.aquasec.com/nvd/cve-2020-8203"
"GHSA-5mrr-rgp6-x4gr","marsdb","0.6.11",,"CRITICAL","Command Injection in marsdb","https://github.com/advisories/GHSA-5mrr-rgp6-x4gr"
"CVE-2025-57349","messageformat","2.3.0","3.0.0-beta.0","LOW","messageformat has a prototype pollution vulnerability","https://avd.aquasec.com/nvd/cve-2025-57349"
"CVE-2024-4067","micromatch","3.1.10","4.0.8","MEDIUM","micromatch: vulnerable to Regular Expression Denial of Service","https://avd.aquasec.com/nvd/cve-2024-4067"
"CVE-2017-18214","moment","2.0.0","2.19.3","HIGH","nodejs-moment: Regular expression denial of service","https://avd.aquasec.com/nvd/cve-2017-18214"
"CVE-2022-24785","moment","2.0.0","2.29.2","HIGH","Moment.js: Path traversal  in moment.locale","https://avd.aquasec.com/nvd/cve-2022-24785"
"CVE-2016-4055","moment","2.0.0",">=2.11.2","MEDIUM","moment.js: regular expression denial of service","https://avd.aquasec.com/nvd/cve-2016-4055"
"CVE-2025-47935","multer","1.4.5-lts.2","2.0.0","HIGH","Multer vulnerable to Denial of Service via memory leaks from unclosed streams","https://avd.aquasec.com/nvd/cve-2025-47935"
"CVE-2025-47944","multer","1.4.5-lts.2","2.0.0","HIGH","Multer vulnerable to Denial of Service from maliciously crafted requests","https://avd.aquasec.com/nvd/cve-2025-47944"
"CVE-2025-48997","multer","1.4.5-lts.2","2.0.1","HIGH","multer: Multer vulnerable to Denial of Service via unhandled exception","https://avd.aquasec.com/nvd/cve-2025-48997"
"CVE-2025-7338","multer","1.4.5-lts.2","2.0.2","HIGH","multer: Multer Denial of Service","https://avd.aquasec.com/nvd/cve-2025-7338"
"CVE-2021-23771","notevil","1.3.3",,"MEDIUM","Sandbox escape in notevil and argencoders-notevil","https://avd.aquasec.com/nvd/cve-2021-23771"
"CVE-2025-15284","qs","6.14.0","6.14.1","HIGH","qs: qs: Denial of Service via improper input validation in array parsing","https://avd.aquasec.com/nvd/cve-2025-15284"
"CVE-2022-25887","sanitize-html","1.4.2","2.7.1","HIGH","sanitize-html: insecure global regular expression replacement logic may lead to ReDoS","https://avd.aquasec.com/nvd/cve-2022-25887"
"CVE-2016-1000237","sanitize-html","1.4.2",">=1.4.3","MEDIUM","XSS - Sanitization not applied recursively","https://avd.aquasec.com/nvd/cve-2016-1000237"
"CVE-2017-16016","sanitize-html","1.4.2","1.11.4","MEDIUM","Cross-Site Scripting in sanitize-html","https://avd.aquasec.com/nvd/cve-2017-16016"
"CVE-2019-25225","sanitize-html","1.4.2","2.0.0-beta","MEDIUM","sanitize-html: sanitize-html cross site scripting","https://avd.aquasec.com/nvd/cve-2019-25225"
"CVE-2021-26539","sanitize-html","1.4.2","2.3.1","MEDIUM","sanitize-html: improper handling of internationalized domain name (IDN) can lead to bypass hostname whitelist validation","https://avd.aquasec.com/nvd/cve-2021-26539"
"CVE-2021-26540","sanitize-html","1.4.2","2.3.2","MEDIUM","sanitize-html: improper validation of hostnames set by the ""allowedIframeHostnames"" option can lead to bypass hostname whitelist for iframe element","https://avd.aquasec.com/nvd/cve-2021-26540"
"CVE-2024-21501","sanitize-html","1.4.2","2.12.1","MEDIUM","sanitize-html: Information Exposure when used on the backend","https://avd.aquasec.com/nvd/cve-2024-21501"
"NSWG-ECO-154","sanitize-html","1.4.2",">=1.11.4","MEDIUM","Cross Site Scripting",
"CVE-2024-38355","socket.io","3.1.2","2.5.1, 4.6.2","MEDIUM","socket.io: Unhandled 'error' event","https://avd.aquasec.com/nvd/cve-2024-38355"
"CVE-2023-32695","socket.io-parser","4.0.5","4.2.3, 3.4.3, 3.3.4","MEDIUM","socket.io parser is a socket.io encoder and decoder written in JavaScr ...","https://avd.aquasec.com/nvd/cve-2023-32695"
"CVE-2026-23745","tar","4.4.19","7.5.3","HIGH","node-tar: tar: node-tar: Arbitrary file overwrite and symlink poisoning via unsanitized linkpaths in archives","https://avd.aquasec.com/nvd/cve-2026-23745"
"CVE-2026-23950","tar","4.4.19","7.5.4","HIGH","node-tar: tar: node-tar: Arbitrary file overwrite via Unicode path collision race condition","https://avd.aquasec.com/nvd/cve-2026-23950"
"CVE-2026-24842","tar","4.4.19","7.5.7","HIGH","node-tar: tar: node-tar: Arbitrary file creation via path traversal bypass in hardlink security check","https://avd.aquasec.com/nvd/cve-2026-24842"
"CVE-2024-28863","tar","4.4.19","6.2.1","MEDIUM","node-tar: denial of service while parsing a tar file due to lack of folders depth validation","https://avd.aquasec.com/nvd/cve-2024-28863"
"CVE-2026-23745","tar","6.2.1","7.5.3","HIGH","node-tar: tar: node-tar: Arbitrary file overwrite and symlink poisoning via unsanitized linkpaths in archives","https://avd.aquasec.com/nvd/cve-2026-23745"
"CVE-2026-23950","tar","6.2.1","7.5.4","HIGH","node-tar: tar: node-tar: Arbitrary file overwrite via Unicode path collision race condition","https://avd.aquasec.com/nvd/cve-2026-23950"
"CVE-2026-24842","tar","6.2.1","7.5.7","HIGH","node-tar: tar: node-tar: Arbitrary file creation via path traversal bypass in hardlink security check","https://avd.aquasec.com/nvd/cve-2026-24842"
"CVE-2026-23745","tar","7.5.2","7.5.3","HIGH","node-tar: tar: node-tar: Arbitrary file overwrite and symlink poisoning via unsanitized linkpaths in archives","https://avd.aquasec.com/nvd/cve-2026-23745"
"CVE-2026-23950","tar","7.5.2","7.5.4","HIGH","node-tar: tar: node-tar: Arbitrary file overwrite via Unicode path collision race condition","https://avd.aquasec.com/nvd/cve-2026-23950"
"CVE-2026-24842","tar","7.5.2","7.5.7","HIGH","node-tar: tar: node-tar: Arbitrary file creation via path traversal bypass in hardlink security check","https://avd.aquasec.com/nvd/cve-2026-24842"
"CVE-2023-32314","vm2","3.9.17","3.9.18","CRITICAL","vm2: Sandbox Escape","https://avd.aquasec.com/nvd/cve-2023-32314"
"CVE-2023-37466","vm2","3.9.17","3.10.0","CRITICAL","vm2: Promise handler sanitization can be bypassed allowing attackers to escape the sandbox and run arbitrary code","https://avd.aquasec.com/nvd/cve-2023-37466"
"CVE-2023-37903","vm2","3.9.17",,"CRITICAL","vm2: custom inspect function allows attackers to escape the sandbox and run arbitrary code","https://avd.aquasec.com/nvd/cve-2023-37903"
"CVE-2026-22709","vm2","3.9.17","3.10.2","CRITICAL","vm2 has a Sandbox Escape","https://avd.aquasec.com/nvd/cve-2026-22709"
"CVE-2023-32313","vm2","3.9.17","3.9.18","MEDIUM","vm2: Inspect Manipulation","https://avd.aquasec.com/nvd/cve-2023-32313"
"CVE-2024-37890","ws","7.4.6","5.2.4, 6.2.3, 7.5.10, 8.17.1","HIGH","nodejs-ws: denial of service when handling a request with many HTTP headers","https://avd.aquasec.com/nvd/cve-2024-37890"
