{
	"@programName": "ZAP",
	"@version": "2.17.0",
	"@generated": "Sun, 8 Feb 2026 10:47:31",
	"created": "2026-02-08T10:47:31.776835729Z",
	"insights":[
		{
			"level": "Info",
			"reason": "Informational",
			"site": "http://192.168.56.1:5002",
			"key": "insight.code.2xx",
			"description": "Percentage of responses with status code 2xx",
			"statistic": "6"
		},
		{
			"level": "Info",
			"reason": "Informational",
			"site": "http://192.168.56.1:5002",
			"key": "insight.code.4xx",
			"description": "Percentage of responses with status code 4xx",
			"statistic": "93"
		},
		{
			"level": "Info",
			"reason": "Informational",
			"site": "http://192.168.56.1:5002",
			"key": "insight.endpoint.ctype.application/json",
			"description": "Percentage of endpoints with content type application/json",
			"statistic": "6"
		},
		{
			"level": "Info",
			"reason": "Informational",
			"site": "http://192.168.56.1:5002",
			"key": "insight.endpoint.ctype.application/problem+json",
			"description": "Percentage of endpoints with content type application/problem+json",
			"statistic": "93"
		},
		{
			"level": "Info",
			"reason": "Informational",
			"site": "http://192.168.56.1:5002",
			"key": "insight.endpoint.method.DELETE",
			"description": "Percentage of endpoints with method DELETE",
			"statistic": "6"
		},
		{
			"level": "Info",
			"reason": "Informational",
			"site": "http://192.168.56.1:5002",
			"key": "insight.endpoint.method.GET",
			"description": "Percentage of endpoints with method GET",
			"statistic": "60"
		},
		{
			"level": "Info",
			"reason": "Informational",
			"site": "http://192.168.56.1:5002",
			"key": "insight.endpoint.method.POST",
			"description": "Percentage of endpoints with method POST",
			"statistic": "20"
		},
		{
			"level": "Info",
			"reason": "Informational",
			"site": "http://192.168.56.1:5002",
			"key": "insight.endpoint.method.PUT",
			"description": "Percentage of endpoints with method PUT",
			"statistic": "13"
		},
		{
			"level": "Info",
			"reason": "Informational",
			"site": "http://192.168.56.1:5002",
			"key": "insight.endpoint.total",
			"description": "Count of total endpoints",
			"statistic": "15"
		}
	],
	"site":[ 
		{
			"@name": "http://192.168.56.1:5002",
			"@host": "192.168.56.1",
			"@port": "5002",
			"@ssl": "false",
			"alerts": [ 
				{
					"pluginid": "90004",
					"alertRef": "90004-1",
					"alert": "Insufficient Site Isolation Against Spectre Vulnerability",
					"name": "Insufficient Site Isolation Against Spectre Vulnerability",
					"riskcode": "1",
					"confidence": "2",
					"riskdesc": "Low (Medium)",
					"desc": "<p>Cross-Origin-Resource-Policy header is an opt-in header designed to counter side-channels attacks like Spectre. Resource should be specifically set as shareable amongst different origins.</p>",
					"instances":[ 
						{
							"id": "28",
							"uri": "http://192.168.56.1:5002/openapi.json",
							"nodeName": "http:\/\/192.168.56.1:5002\/openapi.json",
							"method": "GET",
							"param": "Cross-Origin-Resource-Policy",
							"attack": "",
							"evidence": "",
							"otherinfo": ""
						}
					],
					"count": "1",
					"systemic": true,
					"solution": "<p>Ensure that the application/web server sets the Cross-Origin-Resource-Policy header appropriately, and that it sets the Cross-Origin-Resource-Policy header to 'same-origin' for all web pages.</p><p>'same-site' is considered as less secured and should be avoided.</p><p>If resources must be shared, set the header to 'cross-origin'.</p><p>If possible, ensure that the end user uses a standards-compliant and modern web browser that supports the Cross-Origin-Resource-Policy header (https://caniuse.com/mdn-http_headers_cross-origin-resource-policy).</p>",
					"otherinfo": "",
					"reference": "<p>https://developer.mozilla.org/en-US/docs/Web/HTTP/Reference/Headers/Cross-Origin-Embedder-Policy</p>",
					"cweid": "693",
					"wascid": "14",
					"sourceid": "1"
				},
				{
					"pluginid": "10036",
					"alertRef": "10036-2",
					"alert": "Server Leaks Version Information via \"Server\" HTTP Response Header Field",
					"name": "Server Leaks Version Information via \"Server\" HTTP Response Header Field",
					"riskcode": "1",
					"confidence": "3",
					"riskdesc": "Low (High)",
					"desc": "<p>The web/application server is leaking version information via the \"Server\" HTTP response header. Access to such information may facilitate attackers identifying other vulnerabilities your web/application server is subject to.</p>",
					"instances":[ 
						{
							"id": "22",
							"uri": "http://192.168.56.1:5002/openapi.json",
							"nodeName": "http:\/\/192.168.56.1:5002\/openapi.json",
							"method": "GET",
							"param": "",
							"attack": "",
							"evidence": "Werkzeug/2.2.3 Python/3.11.14",
							"otherinfo": ""
						},
						{
							"id": "15",
							"uri": "http://192.168.56.1:5002/openapi.json/",
							"nodeName": "http:\/\/192.168.56.1:5002\/openapi.json\/",
							"method": "GET",
							"param": "",
							"attack": "",
							"evidence": "Werkzeug/2.2.3 Python/3.11.14",
							"otherinfo": ""
						},
						{
							"id": "14",
							"uri": "http://192.168.56.1:5002/openapi.json/books/v1",
							"nodeName": "http:\/\/192.168.56.1:5002\/openapi.json\/books\/v1",
							"method": "GET",
							"param": "",
							"attack": "",
							"evidence": "Werkzeug/2.2.3 Python/3.11.14",
							"otherinfo": ""
						},
						{
							"id": "17",
							"uri": "http://192.168.56.1:5002/openapi.json/books/v1/bookTitle77",
							"nodeName": "http:\/\/192.168.56.1:5002\/openapi.json\/books\/v1\/bookTitle77",
							"method": "GET",
							"param": "",
							"attack": "",
							"evidence": "Werkzeug/2.2.3 Python/3.11.14",
							"otherinfo": ""
						},
						{
							"id": "16",
							"uri": "http://192.168.56.1:5002/openapi.json/books/v1",
							"nodeName": "http:\/\/192.168.56.1:5002\/openapi.json\/books\/v1 ()({book_title,secret})",
							"method": "POST",
							"param": "",
							"attack": "",
							"evidence": "Werkzeug/2.2.3 Python/3.11.14",
							"otherinfo": ""
						}
					],
					"count": "5",
					"systemic": true,
					"solution": "<p>Ensure that your web server, application server, load balancer, etc. is configured to suppress the \"Server\" header or provide generic details.</p>",
					"otherinfo": "",
					"reference": "<p>https://httpd.apache.org/docs/current/mod/core.html#servertokens</p><p>https://learn.microsoft.com/en-us/previous-versions/msp-n-p/ff648552(v=pandp.10)</p><p>https://www.troyhunt.com/shhh-dont-let-your-response-headers/</p>",
					"cweid": "497",
					"wascid": "13",
					"sourceid": "1"
				},
				{
					"pluginid": "10021",
					"alertRef": "10021",
					"alert": "X-Content-Type-Options Header Missing",
					"name": "X-Content-Type-Options Header Missing",
					"riskcode": "1",
					"confidence": "2",
					"riskdesc": "Low (Medium)",
					"desc": "<p>The Anti-MIME-Sniffing header X-Content-Type-Options was not set to 'nosniff'. This allows older versions of Internet Explorer and Chrome to perform MIME-sniffing on the response body, potentially causing the response body to be interpreted and displayed as a content type other than the declared content type. Current (early 2014) and legacy versions of Firefox will use the declared content type (if one is set), rather than performing MIME-sniffing.</p>",
					"instances":[ 
						{
							"id": "25",
							"uri": "http://192.168.56.1:5002/openapi.json",
							"nodeName": "http:\/\/192.168.56.1:5002\/openapi.json",
							"method": "GET",
							"param": "x-content-type-options",
							"attack": "",
							"evidence": "",
							"otherinfo": "This issue still applies to error type pages (401, 403, 500, etc.) as those pages are often still affected by injection issues, in which case there is still concern for browsers sniffing pages away from their actual content type.\nAt \"High\" threshold this scan rule will not alert on client or server error responses."
						}
					],
					"count": "1",
					"systemic": true,
					"solution": "<p>Ensure that the application/web server sets the Content-Type header appropriately, and that it sets the X-Content-Type-Options header to 'nosniff' for all web pages.</p><p>If possible, ensure that the end user uses a standards-compliant and modern web browser that does not perform MIME-sniffing at all, or that can be directed by the web application/web server to not perform MIME-sniffing.</p>",
					"otherinfo": "<p>This issue still applies to error type pages (401, 403, 500, etc.) as those pages are often still affected by injection issues, in which case there is still concern for browsers sniffing pages away from their actual content type.</p><p>At \"High\" threshold this scan rule will not alert on client or server error responses.</p>",
					"reference": "<p>https://learn.microsoft.com/en-us/previous-versions/windows/internet-explorer/ie-developer/compatibility/gg622941(v=vs.85)</p><p>https://owasp.org/www-community/Security_Headers</p>",
					"cweid": "693",
					"wascid": "15",
					"sourceid": "1"
				},
				{
					"pluginid": "100000",
					"alertRef": "100000",
					"alert": "A Client Error response code was returned by the server",
					"name": "A Client Error response code was returned by the server",
					"riskcode": "0",
					"confidence": "3",
					"riskdesc": "Informational (High)",
					"desc": "<p>A response code of 404 was returned by the server.</p><p>This may indicate that the application is failing to handle unexpected input correctly.</p><p>Raised by the 'Alert on HTTP Response Code Error' script</p>",
					"instances":[ 
						{
							"id": "11",
							"uri": "http://192.168.56.1:5002/openapi.json/users/v1/name1",
							"nodeName": "http:\/\/192.168.56.1:5002\/openapi.json\/users\/v1\/name1",
							"method": "DELETE",
							"param": "",
							"attack": "",
							"evidence": "404",
							"otherinfo": ""
						},
						{
							"id": "0",
							"uri": "http://192.168.56.1:5002/openapi.json/",
							"nodeName": "http:\/\/192.168.56.1:5002\/openapi.json\/",
							"method": "GET",
							"param": "",
							"attack": "",
							"evidence": "404",
							"otherinfo": ""
						},
						{
							"id": "1",
							"uri": "http://192.168.56.1:5002/openapi.json/books/v1",
							"nodeName": "http:\/\/192.168.56.1:5002\/openapi.json\/books\/v1",
							"method": "GET",
							"param": "",
							"attack": "",
							"evidence": "404",
							"otherinfo": ""
						},
						{
							"id": "3",
							"uri": "http://192.168.56.1:5002/openapi.json/books/v1/bookTitle77",
							"nodeName": "http:\/\/192.168.56.1:5002\/openapi.json\/books\/v1\/bookTitle77",
							"method": "GET",
							"param": "",
							"attack": "",
							"evidence": "404",
							"otherinfo": ""
						},
						{
							"id": "4",
							"uri": "http://192.168.56.1:5002/openapi.json/createdb",
							"nodeName": "http:\/\/192.168.56.1:5002\/openapi.json\/createdb",
							"method": "GET",
							"param": "",
							"attack": "",
							"evidence": "404",
							"otherinfo": ""
						},
						{
							"id": "5",
							"uri": "http://192.168.56.1:5002/openapi.json/me",
							"nodeName": "http:\/\/192.168.56.1:5002\/openapi.json\/me",
							"method": "GET",
							"param": "",
							"attack": "",
							"evidence": "404",
							"otherinfo": ""
						},
						{
							"id": "6",
							"uri": "http://192.168.56.1:5002/openapi.json/users/v1",
							"nodeName": "http:\/\/192.168.56.1:5002\/openapi.json\/users\/v1",
							"method": "GET",
							"param": "",
							"attack": "",
							"evidence": "404",
							"otherinfo": ""
						},
						{
							"id": "7",
							"uri": "http://192.168.56.1:5002/openapi.json/users/v1/_debug",
							"nodeName": "http:\/\/192.168.56.1:5002\/openapi.json\/users\/v1\/_debug",
							"method": "GET",
							"param": "",
							"attack": "",
							"evidence": "404",
							"otherinfo": ""
						},
						{
							"id": "10",
							"uri": "http://192.168.56.1:5002/openapi.json/users/v1/name1",
							"nodeName": "http:\/\/192.168.56.1:5002\/openapi.json\/users\/v1\/name1",
							"method": "GET",
							"param": "",
							"attack": "",
							"evidence": "404",
							"otherinfo": ""
						},
						{
							"id": "2",
							"uri": "http://192.168.56.1:5002/openapi.json/books/v1",
							"nodeName": "http:\/\/192.168.56.1:5002\/openapi.json\/books\/v1 ()({book_title,secret})",
							"method": "POST",
							"param": "",
							"attack": "",
							"evidence": "404",
							"otherinfo": ""
						},
						{
							"id": "8",
							"uri": "http://192.168.56.1:5002/openapi.json/users/v1/login",
							"nodeName": "http:\/\/192.168.56.1:5002\/openapi.json\/users\/v1\/login ()({password,username})",
							"method": "POST",
							"param": "",
							"attack": "",
							"evidence": "404",
							"otherinfo": ""
						},
						{
							"id": "9",
							"uri": "http://192.168.56.1:5002/openapi.json/users/v1/register",
							"nodeName": "http:\/\/192.168.56.1:5002\/openapi.json\/users\/v1\/register ()({email,password,username})",
							"method": "POST",
							"param": "",
							"attack": "",
							"evidence": "404",
							"otherinfo": ""
						},
						{
							"id": "12",
							"uri": "http://192.168.56.1:5002/openapi.json/users/v1/name1/email",
							"nodeName": "http:\/\/192.168.56.1:5002\/openapi.json\/users\/v1\/name1\/email ()({email})",
							"method": "PUT",
							"param": "",
							"attack": "",
							"evidence": "404",
							"otherinfo": ""
						},
						{
							"id": "13",
							"uri": "http://192.168.56.1:5002/openapi.json/users/v1/name1/password",
							"nodeName": "http:\/\/192.168.56.1:5002\/openapi.json\/users\/v1\/name1\/password ()({password})",
							"method": "PUT",
							"param": "",
							"attack": "",
							"evidence": "404",
							"otherinfo": ""
						}
					],
					"count": "14",
					"systemic": false,
					"solution": "",
					"otherinfo": "",
					"reference": "",
					"cweid": "388",
					"wascid": "20",
					"sourceid": "19"
				},
				{
					"pluginid": "10111",
					"alertRef": "10111",
					"alert": "Authentication Request Identified",
					"name": "Authentication Request Identified",
					"riskcode": "0",
					"confidence": "3",
					"riskdesc": "Informational (High)",
					"desc": "<p>The given request has been identified as an authentication request. The 'Other Info' field contains a set of key=value lines which identify any relevant fields. If the request is in a context which has an Authentication Method set to \"Auto-Detect\" then this rule will change the authentication to match the request identified.</p>",
					"instances":[ 
						{
							"id": "41",
							"uri": "http://192.168.56.1:5002/openapi.json/users/v1/login",
							"nodeName": "http:\/\/192.168.56.1:5002\/openapi.json\/users\/v1\/login ()({password,username})",
							"method": "POST",
							"param": "username",
							"attack": "",
							"evidence": "password",
							"otherinfo": "userParam=username\nuserValue=name1\npasswordParam=password"
						}
					],
					"count": "1",
					"systemic": false,
					"solution": "<p>This is an informational alert rather than a vulnerability and so there is nothing to fix.</p>",
					"otherinfo": "<p>userParam=username</p><p>userValue=name1</p><p>passwordParam=password</p>",
					"reference": "<p>https://www.zaproxy.org/docs/desktop/addons/authentication-helper/auth-req-id/</p>",
					"cweid": "-1",
					"wascid": "-1",
					"sourceid": "16"
				},
				{
					"pluginid": "10049",
					"alertRef": "10049-1",
					"alert": "Non-Storable Content",
					"name": "Non-Storable Content",
					"riskcode": "0",
					"confidence": "2",
					"riskdesc": "Informational (Medium)",
					"desc": "<p>The response contents are not storable by caching components such as proxy servers. If the response does not contain sensitive, personal or user-specific information, it may benefit from being stored and cached, to improve performance.</p>",
					"instances":[ 
						{
							"id": "39",
							"uri": "http://192.168.56.1:5002/openapi.json/users/v1/name1",
							"nodeName": "http:\/\/192.168.56.1:5002\/openapi.json\/users\/v1\/name1",
							"method": "DELETE",
							"param": "",
							"attack": "",
							"evidence": "DELETE ",
							"otherinfo": ""
						},
						{
							"id": "40",
							"uri": "http://192.168.56.1:5002/openapi.json/users/v1/name1/email",
							"nodeName": "http:\/\/192.168.56.1:5002\/openapi.json\/users\/v1\/name1\/email ()({email})",
							"method": "PUT",
							"param": "",
							"attack": "",
							"evidence": "PUT ",
							"otherinfo": ""
						}
					],
					"count": "2",
					"systemic": true,
					"solution": "<p>The content may be marked as storable by ensuring that the following conditions are satisfied:</p><p>The request method must be understood by the cache and defined as being cacheable (\"GET\", \"HEAD\", and \"POST\" are currently defined as cacheable)</p><p>The response status code must be understood by the cache (one of the 1XX, 2XX, 3XX, 4XX, or 5XX response classes are generally understood)</p><p>The \"no-store\" cache directive must not appear in the request or response header fields</p><p>For caching by \"shared\" caches such as \"proxy\" caches, the \"private\" response directive must not appear in the response</p><p>For caching by \"shared\" caches such as \"proxy\" caches, the \"Authorization\" header field must not appear in the request, unless the response explicitly allows it (using one of the \"must-revalidate\", \"public\", or \"s-maxage\" Cache-Control response directives)</p><p>In addition to the conditions above, at least one of the following conditions must also be satisfied by the response:</p><p>It must contain an \"Expires\" header field</p><p>It must contain a \"max-age\" response directive</p><p>For \"shared\" caches such as \"proxy\" caches, it must contain a \"s-maxage\" response directive</p><p>It must contain a \"Cache Control Extension\" that allows it to be cached</p><p>It must have a status code that is defined as cacheable by default (200, 203, 204, 206, 300, 301, 404, 405, 410, 414, 501).</p>",
					"otherinfo": "",
					"reference": "<p>https://datatracker.ietf.org/doc/html/rfc7234</p><p>https://datatracker.ietf.org/doc/html/rfc7231</p><p>https://www.w3.org/Protocols/rfc2616/rfc2616-sec13.html</p>",
					"cweid": "524",
					"wascid": "13",
					"sourceid": "19"
				},
				{
					"pluginid": "10049",
					"alertRef": "10049-3",
					"alert": "Storable and Cacheable Content",
					"name": "Storable and Cacheable Content",
					"riskcode": "0",
					"confidence": "2",
					"riskdesc": "Informational (Medium)",
					"desc": "<p>The response contents are storable by caching components such as proxy servers, and may be retrieved directly from the cache, rather than from the origin server by the caching servers, in response to similar requests from other users. If the response data is sensitive, personal or user-specific, this may result in sensitive information being leaked. In some cases, this may even result in a user gaining complete control of the session of another user, depending on the configuration of the caching components in use in their environment. This is primarily an issue where \"shared\" caching servers such as \"proxy\" caches are configured on the local network. This configuration is typically found in corporate or educational environments, for instance.</p>",
					"instances":[ 
						{
							"id": "26",
							"uri": "http://192.168.56.1:5002/openapi.json",
							"nodeName": "http:\/\/192.168.56.1:5002\/openapi.json",
							"method": "GET",
							"param": "",
							"attack": "",
							"evidence": "",
							"otherinfo": "In the absence of an explicitly specified caching lifetime directive in the response, a liberal lifetime heuristic of 1 year was assumed. This is permitted by rfc7234."
						},
						{
							"id": "18",
							"uri": "http://192.168.56.1:5002/openapi.json/",
							"nodeName": "http:\/\/192.168.56.1:5002\/openapi.json\/",
							"method": "GET",
							"param": "",
							"attack": "",
							"evidence": "",
							"otherinfo": "In the absence of an explicitly specified caching lifetime directive in the response, a liberal lifetime heuristic of 1 year was assumed. This is permitted by rfc7234."
						},
						{
							"id": "21",
							"uri": "http://192.168.56.1:5002/openapi.json/books/v1",
							"nodeName": "http:\/\/192.168.56.1:5002\/openapi.json\/books\/v1",
							"method": "GET",
							"param": "",
							"attack": "",
							"evidence": "",
							"otherinfo": "In the absence of an explicitly specified caching lifetime directive in the response, a liberal lifetime heuristic of 1 year was assumed. This is permitted by rfc7234."
						},
						{
							"id": "20",
							"uri": "http://192.168.56.1:5002/openapi.json/books/v1/bookTitle77",
							"nodeName": "http:\/\/192.168.56.1:5002\/openapi.json\/books\/v1\/bookTitle77",
							"method": "GET",
							"param": "",
							"attack": "",
							"evidence": "",
							"otherinfo": "In the absence of an explicitly specified caching lifetime directive in the response, a liberal lifetime heuristic of 1 year was assumed. This is permitted by rfc7234."
						},
						{
							"id": "19",
							"uri": "http://192.168.56.1:5002/openapi.json/books/v1",
							"nodeName": "http:\/\/192.168.56.1:5002\/openapi.json\/books\/v1 ()({book_title,secret})",
							"method": "POST",
							"param": "",
							"attack": "",
							"evidence": "",
							"otherinfo": "In the absence of an explicitly specified caching lifetime directive in the response, a liberal lifetime heuristic of 1 year was assumed. This is permitted by rfc7234."
						}
					],
					"count": "5",
					"systemic": true,
					"solution": "<p>Validate that the response does not contain sensitive, personal or user-specific information. If it does, consider the use of the following HTTP response headers, to limit, or prevent the content being stored and retrieved from the cache by another user:</p><p>Cache-Control: no-cache, no-store, must-revalidate, private</p><p>Pragma: no-cache</p><p>Expires: 0</p><p>This configuration directs both HTTP 1.0 and HTTP 1.1 compliant caching servers to not store the response, and to not retrieve the response (without validation) from the cache, in response to a similar request.</p>",
					"otherinfo": "<p>In the absence of an explicitly specified caching lifetime directive in the response, a liberal lifetime heuristic of 1 year was assumed. This is permitted by rfc7234.</p>",
					"reference": "<p>https://datatracker.ietf.org/doc/html/rfc7234</p><p>https://datatracker.ietf.org/doc/html/rfc7231</p><p>https://www.w3.org/Protocols/rfc2616/rfc2616-sec13.html</p>",
					"cweid": "524",
					"wascid": "13",
					"sourceid": "1"
				}
			]
		}
	],
	"sequences":[
	]

}
