{
	"@programName": "ZAP",
	"@version": "2.17.0",
	"@generated": "Sun, 8 Feb 2026 10:35:14",
	"created": "2026-02-08T10:35:14.816454120Z",
	"insights":[
		{
			"level": "Info",
			"reason": "Informational",
			"site": "http://192.168.56.1:3000",
			"key": "insight.code.2xx",
			"description": "Percentage of responses with status code 2xx",
			"statistic": "91"
		},
		{
			"level": "Info",
			"reason": "Informational",
			"site": "http://192.168.56.1:3000",
			"key": "insight.code.4xx",
			"description": "Percentage of responses with status code 4xx",
			"statistic": "8"
		},
		{
			"level": "Info",
			"reason": "Informational",
			"site": "http://192.168.56.1:3000",
			"key": "insight.endpoint.ctype.application/javascript",
			"description": "Percentage of endpoints with content type application/javascript",
			"statistic": "5"
		},
		{
			"level": "Info",
			"reason": "Informational",
			"site": "http://192.168.56.1:3000",
			"key": "insight.endpoint.ctype.application/octet-stream",
			"description": "Percentage of endpoints with content type application/octet-stream",
			"statistic": "6"
		},
		{
			"level": "Info",
			"reason": "Informational",
			"site": "http://192.168.56.1:3000",
			"key": "insight.endpoint.ctype.image/x-icon",
			"description": "Percentage of endpoints with content type image/x-icon",
			"statistic": "1"
		},
		{
			"level": "Info",
			"reason": "Informational",
			"site": "http://192.168.56.1:3000",
			"key": "insight.endpoint.ctype.text/css",
			"description": "Percentage of endpoints with content type text/css",
			"statistic": "1"
		},
		{
			"level": "Info",
			"reason": "Informational",
			"site": "http://192.168.56.1:3000",
			"key": "insight.endpoint.ctype.text/html",
			"description": "Percentage of endpoints with content type text/html",
			"statistic": "79"
		},
		{
			"level": "Info",
			"reason": "Informational",
			"site": "http://192.168.56.1:3000",
			"key": "insight.endpoint.ctype.text/markdown",
			"description": "Percentage of endpoints with content type text/markdown",
			"statistic": "4"
		},
		{
			"level": "Info",
			"reason": "Informational",
			"site": "http://192.168.56.1:3000",
			"key": "insight.endpoint.ctype.text/plain",
			"description": "Percentage of endpoints with content type text/plain",
			"statistic": "1"
		},
		{
			"level": "Info",
			"reason": "Informational",
			"site": "http://192.168.56.1:3000",
			"key": "insight.endpoint.method.GET",
			"description": "Percentage of endpoints with method GET",
			"statistic": "100"
		},
		{
			"level": "Info",
			"reason": "Informational",
			"site": "http://192.168.56.1:3000",
			"key": "insight.endpoint.total",
			"description": "Count of total endpoints",
			"statistic": "72"
		},
		{
			"level": "Info",
			"reason": "Informational",
			"site": "http://192.168.56.1:3000",
			"key": "insight.response.slow",
			"description": "Percentage of slow responses",
			"statistic": "8"
		}
	],
	"site":[ 
		{
			"@name": "http://192.168.56.1:3000",
			"@host": "192.168.56.1",
			"@port": "3000",
			"@ssl": "false",
			"alerts": [ 
				{
					"pluginid": "10038",
					"alertRef": "10038-1",
					"alert": "Content Security Policy (CSP) Header Not Set",
					"name": "Content Security Policy (CSP) Header Not Set",
					"riskcode": "2",
					"confidence": "3",
					"riskdesc": "Medium (High)",
					"desc": "<p>Content Security Policy (CSP) is an added layer of security that helps to detect and mitigate certain types of attacks, including Cross Site Scripting (XSS) and data injection attacks. These attacks are used for everything from data theft to site defacement or distribution of malware. CSP provides a set of standard HTTP headers that allow website owners to declare approved sources of content that browsers should be allowed to load on that page \u2014 covered types are JavaScript, CSS, HTML frames, fonts, images and embeddable objects such as Java applets, ActiveX, audio and video files.</p>",
					"instances":[ 
						{
							"id": "4",
							"uri": "http://192.168.56.1:3000",
							"nodeName": "http:\/\/192.168.56.1:3000",
							"method": "GET",
							"param": "",
							"attack": "",
							"evidence": "",
							"otherinfo": ""
						},
						{
							"id": "74",
							"uri": "http://192.168.56.1:3000/ftp",
							"nodeName": "http:\/\/192.168.56.1:3000\/ftp",
							"method": "GET",
							"param": "",
							"attack": "",
							"evidence": "",
							"otherinfo": ""
						},
						{
							"id": "77",
							"uri": "http://192.168.56.1:3000/ftp/coupons_2013.md.bak",
							"nodeName": "http:\/\/192.168.56.1:3000\/ftp\/coupons_2013.md.bak",
							"method": "GET",
							"param": "",
							"attack": "",
							"evidence": "",
							"otherinfo": ""
						},
						{
							"id": "75",
							"uri": "http://192.168.56.1:3000/ftp/eastere.gg",
							"nodeName": "http:\/\/192.168.56.1:3000\/ftp\/eastere.gg",
							"method": "GET",
							"param": "",
							"attack": "",
							"evidence": "",
							"otherinfo": ""
						},
						{
							"id": "2",
							"uri": "http://192.168.56.1:3000/sitemap.xml",
							"nodeName": "http:\/\/192.168.56.1:3000\/sitemap.xml",
							"method": "GET",
							"param": "",
							"attack": "",
							"evidence": "",
							"otherinfo": ""
						}
					],
					"count": "5",
					"systemic": true,
					"solution": "<p>Ensure that your web server, application server, load balancer, etc. is configured to set the Content-Security-Policy header.</p>",
					"otherinfo": "",
					"reference": "<p>https://developer.mozilla.org/en-US/docs/Web/HTTP/Guides/CSP</p><p>https://cheatsheetseries.owasp.org/cheatsheets/Content_Security_Policy_Cheat_Sheet.html</p><p>https://www.w3.org/TR/CSP/</p><p>https://w3c.github.io/webappsec-csp/</p><p>https://web.dev/articles/csp</p><p>https://caniuse.com/#feat=contentsecuritypolicy</p><p>https://content-security-policy.com/</p>",
					"cweid": "693",
					"wascid": "15",
					"sourceid": "1"
				},
				{
					"pluginid": "10098",
					"alertRef": "10098",
					"alert": "Cross-Domain Misconfiguration",
					"name": "Cross-Domain Misconfiguration",
					"riskcode": "2",
					"confidence": "2",
					"riskdesc": "Medium (Medium)",
					"desc": "<p>Web browser data loading may be possible, due to a Cross Origin Resource Sharing (CORS) misconfiguration on the web server.</p>",
					"instances":[ 
						{
							"id": "6",
							"uri": "http://192.168.56.1:3000",
							"nodeName": "http:\/\/192.168.56.1:3000",
							"method": "GET",
							"param": "",
							"attack": "",
							"evidence": "Access-Control-Allow-Origin: *",
							"otherinfo": "The CORS misconfiguration on the web server permits cross-domain read requests from arbitrary third party domains, using unauthenticated APIs on this domain. Web browser implementations do not permit arbitrary third parties to read the response from authenticated APIs, however. This reduces the risk somewhat. This misconfiguration could be used by an attacker to access data that is available in an unauthenticated manner, but which uses some other form of security, such as IP address white-listing."
						},
						{
							"id": "15",
							"uri": "http://192.168.56.1:3000/assets/public/favicon_js.ico",
							"nodeName": "http:\/\/192.168.56.1:3000\/assets\/public\/favicon_js.ico",
							"method": "GET",
							"param": "",
							"attack": "",
							"evidence": "Access-Control-Allow-Origin: *",
							"otherinfo": "The CORS misconfiguration on the web server permits cross-domain read requests from arbitrary third party domains, using unauthenticated APIs on this domain. Web browser implementations do not permit arbitrary third parties to read the response from authenticated APIs, however. This reduces the risk somewhat. This misconfiguration could be used by an attacker to access data that is available in an unauthenticated manner, but which uses some other form of security, such as IP address white-listing."
						},
						{
							"id": "0",
							"uri": "http://192.168.56.1:3000/robots.txt",
							"nodeName": "http:\/\/192.168.56.1:3000\/robots.txt",
							"method": "GET",
							"param": "",
							"attack": "",
							"evidence": "Access-Control-Allow-Origin: *",
							"otherinfo": "The CORS misconfiguration on the web server permits cross-domain read requests from arbitrary third party domains, using unauthenticated APIs on this domain. Web browser implementations do not permit arbitrary third parties to read the response from authenticated APIs, however. This reduces the risk somewhat. This misconfiguration could be used by an attacker to access data that is available in an unauthenticated manner, but which uses some other form of security, such as IP address white-listing."
						},
						{
							"id": "1",
							"uri": "http://192.168.56.1:3000/runtime.js",
							"nodeName": "http:\/\/192.168.56.1:3000\/runtime.js",
							"method": "GET",
							"param": "",
							"attack": "",
							"evidence": "Access-Control-Allow-Origin: *",
							"otherinfo": "The CORS misconfiguration on the web server permits cross-domain read requests from arbitrary third party domains, using unauthenticated APIs on this domain. Web browser implementations do not permit arbitrary third parties to read the response from authenticated APIs, however. This reduces the risk somewhat. This misconfiguration could be used by an attacker to access data that is available in an unauthenticated manner, but which uses some other form of security, such as IP address white-listing."
						},
						{
							"id": "3",
							"uri": "http://192.168.56.1:3000/sitemap.xml",
							"nodeName": "http:\/\/192.168.56.1:3000\/sitemap.xml",
							"method": "GET",
							"param": "",
							"attack": "",
							"evidence": "Access-Control-Allow-Origin: *",
							"otherinfo": "The CORS misconfiguration on the web server permits cross-domain read requests from arbitrary third party domains, using unauthenticated APIs on this domain. Web browser implementations do not permit arbitrary third parties to read the response from authenticated APIs, however. This reduces the risk somewhat. This misconfiguration could be used by an attacker to access data that is available in an unauthenticated manner, but which uses some other form of security, such as IP address white-listing."
						}
					],
					"count": "5",
					"systemic": true,
					"solution": "<p>Ensure that sensitive data is not available in an unauthenticated manner (using IP address white-listing, for instance).</p><p>Configure the \"Access-Control-Allow-Origin\" HTTP header to a more restrictive set of domains, or remove all CORS headers entirely, to allow the web browser to enforce the Same Origin Policy (SOP) in a more restrictive manner.</p>",
					"otherinfo": "<p>The CORS misconfiguration on the web server permits cross-domain read requests from arbitrary third party domains, using unauthenticated APIs on this domain. Web browser implementations do not permit arbitrary third parties to read the response from authenticated APIs, however. This reduces the risk somewhat. This misconfiguration could be used by an attacker to access data that is available in an unauthenticated manner, but which uses some other form of security, such as IP address white-listing.</p>",
					"reference": "<p>https://vulncat.fortify.com/en/detail?category=HTML5&subcategory=Overly%20Permissive%20CORS%20Policy</p>",
					"cweid": "264",
					"wascid": "14",
					"sourceid": "1"
				},
				{
					"pluginid": "10017",
					"alertRef": "10017",
					"alert": "Cross-Domain JavaScript Source File Inclusion",
					"name": "Cross-Domain JavaScript Source File Inclusion",
					"riskcode": "1",
					"confidence": "2",
					"riskdesc": "Low (Medium)",
					"desc": "<p>The page includes one or more script files from a third-party domain.</p>",
					"instances":[ 
						{
							"id": "10",
							"uri": "http://192.168.56.1:3000",
							"nodeName": "http:\/\/192.168.56.1:3000",
							"method": "GET",
							"param": "//cdnjs.cloudflare.com/ajax/libs/cookieconsent2/3.1.0/cookieconsent.min.js",
							"attack": "",
							"evidence": "<script src=\"//cdnjs.cloudflare.com/ajax/libs/cookieconsent2/3.1.0/cookieconsent.min.js\"></script>",
							"otherinfo": ""
						},
						{
							"id": "12",
							"uri": "http://192.168.56.1:3000",
							"nodeName": "http:\/\/192.168.56.1:3000",
							"method": "GET",
							"param": "//cdnjs.cloudflare.com/ajax/libs/jquery/2.2.4/jquery.min.js",
							"attack": "",
							"evidence": "<script src=\"//cdnjs.cloudflare.com/ajax/libs/jquery/2.2.4/jquery.min.js\"></script>",
							"otherinfo": ""
						},
						{
							"id": "83",
							"uri": "http://192.168.56.1:3000/",
							"nodeName": "http:\/\/192.168.56.1:3000\/",
							"method": "GET",
							"param": "//cdnjs.cloudflare.com/ajax/libs/cookieconsent2/3.1.0/cookieconsent.min.js",
							"attack": "",
							"evidence": "<script src=\"//cdnjs.cloudflare.com/ajax/libs/cookieconsent2/3.1.0/cookieconsent.min.js\"></script>",
							"otherinfo": ""
						},
						{
							"id": "7",
							"uri": "http://192.168.56.1:3000/sitemap.xml",
							"nodeName": "http:\/\/192.168.56.1:3000\/sitemap.xml",
							"method": "GET",
							"param": "//cdnjs.cloudflare.com/ajax/libs/cookieconsent2/3.1.0/cookieconsent.min.js",
							"attack": "",
							"evidence": "<script src=\"//cdnjs.cloudflare.com/ajax/libs/cookieconsent2/3.1.0/cookieconsent.min.js\"></script>",
							"otherinfo": ""
						},
						{
							"id": "9",
							"uri": "http://192.168.56.1:3000/sitemap.xml",
							"nodeName": "http:\/\/192.168.56.1:3000\/sitemap.xml",
							"method": "GET",
							"param": "//cdnjs.cloudflare.com/ajax/libs/jquery/2.2.4/jquery.min.js",
							"attack": "",
							"evidence": "<script src=\"//cdnjs.cloudflare.com/ajax/libs/jquery/2.2.4/jquery.min.js\"></script>",
							"otherinfo": ""
						}
					],
					"count": "5",
					"systemic": true,
					"solution": "<p>Ensure JavaScript source files are loaded from only trusted sources, and the sources can't be controlled by end users of the application.</p>",
					"otherinfo": "",
					"reference": "",
					"cweid": "829",
					"wascid": "15",
					"sourceid": "1"
				},
				{
					"pluginid": "10110",
					"alertRef": "10110",
					"alert": "Dangerous JS Functions",
					"name": "Dangerous JS Functions",
					"riskcode": "1",
					"confidence": "1",
					"riskdesc": "Low (Low)",
					"desc": "<p>A dangerous JS function seems to be in use that would leave the site vulnerable.</p>",
					"instances":[ 
						{
							"id": "68",
							"uri": "http://192.168.56.1:3000/main.js",
							"nodeName": "http:\/\/192.168.56.1:3000\/main.js",
							"method": "GET",
							"param": "",
							"attack": "",
							"evidence": "bypassSecurityTrustHtml(",
							"otherinfo": ""
						},
						{
							"id": "72",
							"uri": "http://192.168.56.1:3000/vendor.js",
							"nodeName": "http:\/\/192.168.56.1:3000\/vendor.js",
							"method": "GET",
							"param": "",
							"attack": "",
							"evidence": "bypassSecurityTrustHtml(",
							"otherinfo": ""
						}
					],
					"count": "2",
					"systemic": false,
					"solution": "<p>See the references for security advice on the use of these functions.</p>",
					"otherinfo": "",
					"reference": "<p>https://v17.angular.io/guide/security</p>",
					"cweid": "749",
					"wascid": "-1",
					"sourceid": "22"
				},
				{
					"pluginid": "10063",
					"alertRef": "10063-2",
					"alert": "Deprecated Feature Policy Header Set",
					"name": "Deprecated Feature Policy Header Set",
					"riskcode": "1",
					"confidence": "2",
					"riskdesc": "Low (Medium)",
					"desc": "<p>The header has now been renamed to Permissions-Policy.</p>",
					"instances":[ 
						{
							"id": "41",
							"uri": "http://192.168.56.1:3000",
							"nodeName": "http:\/\/192.168.56.1:3000",
							"method": "GET",
							"param": "",
							"attack": "",
							"evidence": "Feature-Policy",
							"otherinfo": ""
						},
						{
							"id": "69",
							"uri": "http://192.168.56.1:3000/main.js",
							"nodeName": "http:\/\/192.168.56.1:3000\/main.js",
							"method": "GET",
							"param": "",
							"attack": "",
							"evidence": "Feature-Policy",
							"otherinfo": ""
						},
						{
							"id": "34",
							"uri": "http://192.168.56.1:3000/polyfills.js",
							"nodeName": "http:\/\/192.168.56.1:3000\/polyfills.js",
							"method": "GET",
							"param": "",
							"attack": "",
							"evidence": "Feature-Policy",
							"otherinfo": ""
						},
						{
							"id": "29",
							"uri": "http://192.168.56.1:3000/runtime.js",
							"nodeName": "http:\/\/192.168.56.1:3000\/runtime.js",
							"method": "GET",
							"param": "",
							"attack": "",
							"evidence": "Feature-Policy",
							"otherinfo": ""
						},
						{
							"id": "37",
							"uri": "http://192.168.56.1:3000/sitemap.xml",
							"nodeName": "http:\/\/192.168.56.1:3000\/sitemap.xml",
							"method": "GET",
							"param": "",
							"attack": "",
							"evidence": "Feature-Policy",
							"otherinfo": ""
						}
					],
					"count": "5",
					"systemic": true,
					"solution": "<p>Ensure that your web server, application server, load balancer, etc. is configured to set the Permissions-Policy header instead of the Feature-Policy header.</p>",
					"otherinfo": "",
					"reference": "<p>https://developer.mozilla.org/en-US/docs/Web/HTTP/Reference/Headers/Permissions-Policy</p><p>https://scotthelme.co.uk/goodbye-feature-policy-and-hello-permissions-policy/</p>",
					"cweid": "16",
					"wascid": "15",
					"sourceid": "8"
				},
				{
					"pluginid": "90004",
					"alertRef": "90004-2",
					"alert": "Insufficient Site Isolation Against Spectre Vulnerability",
					"name": "Insufficient Site Isolation Against Spectre Vulnerability",
					"riskcode": "1",
					"confidence": "2",
					"riskdesc": "Low (Medium)",
					"desc": "<p>Cross-Origin-Embedder-Policy header is a response header that prevents a document from loading any cross-origin resources that don't explicitly grant the document permission (using CORP or CORS).</p>",
					"instances":[ 
						{
							"id": "42",
							"uri": "http://192.168.56.1:3000",
							"nodeName": "http:\/\/192.168.56.1:3000",
							"method": "GET",
							"param": "Cross-Origin-Embedder-Policy",
							"attack": "",
							"evidence": "",
							"otherinfo": ""
						},
						{
							"id": "99",
							"uri": "http://192.168.56.1:3000/",
							"nodeName": "http:\/\/192.168.56.1:3000\/",
							"method": "GET",
							"param": "Cross-Origin-Embedder-Policy",
							"attack": "",
							"evidence": "",
							"otherinfo": ""
						},
						{
							"id": "91",
							"uri": "http://192.168.56.1:3000/ftp",
							"nodeName": "http:\/\/192.168.56.1:3000\/ftp",
							"method": "GET",
							"param": "Cross-Origin-Embedder-Policy",
							"attack": "",
							"evidence": "",
							"otherinfo": ""
						},
						{
							"id": "109",
							"uri": "http://192.168.56.1:3000/juice-shop/build/routes/fileServer.js:59:18",
							"nodeName": "http:\/\/192.168.56.1:3000\/juice-shop\/build\/routes\/fileServer.js:59:18",
							"method": "GET",
							"param": "Cross-Origin-Embedder-Policy",
							"attack": "",
							"evidence": "",
							"otherinfo": ""
						},
						{
							"id": "38",
							"uri": "http://192.168.56.1:3000/sitemap.xml",
							"nodeName": "http:\/\/192.168.56.1:3000\/sitemap.xml",
							"method": "GET",
							"param": "Cross-Origin-Embedder-Policy",
							"attack": "",
							"evidence": "",
							"otherinfo": ""
						},
						{
							"id": "43",
							"uri": "http://192.168.56.1:3000",
							"nodeName": "http:\/\/192.168.56.1:3000",
							"method": "GET",
							"param": "Cross-Origin-Opener-Policy",
							"attack": "",
							"evidence": "",
							"otherinfo": ""
						},
						{
							"id": "100",
							"uri": "http://192.168.56.1:3000/",
							"nodeName": "http:\/\/192.168.56.1:3000\/",
							"method": "GET",
							"param": "Cross-Origin-Opener-Policy",
							"attack": "",
							"evidence": "",
							"otherinfo": ""
						},
						{
							"id": "92",
							"uri": "http://192.168.56.1:3000/ftp",
							"nodeName": "http:\/\/192.168.56.1:3000\/ftp",
							"method": "GET",
							"param": "Cross-Origin-Opener-Policy",
							"attack": "",
							"evidence": "",
							"otherinfo": ""
						},
						{
							"id": "110",
							"uri": "http://192.168.56.1:3000/juice-shop/build/routes/fileServer.js:59:18",
							"nodeName": "http:\/\/192.168.56.1:3000\/juice-shop\/build\/routes\/fileServer.js:59:18",
							"method": "GET",
							"param": "Cross-Origin-Opener-Policy",
							"attack": "",
							"evidence": "",
							"otherinfo": ""
						},
						{
							"id": "39",
							"uri": "http://192.168.56.1:3000/sitemap.xml",
							"nodeName": "http:\/\/192.168.56.1:3000\/sitemap.xml",
							"method": "GET",
							"param": "Cross-Origin-Opener-Policy",
							"attack": "",
							"evidence": "",
							"otherinfo": ""
						}
					],
					"count": "10",
					"systemic": true,
					"solution": "<p>Ensure that the application/web server sets the Cross-Origin-Embedder-Policy header appropriately, and that it sets the Cross-Origin-Embedder-Policy header to 'require-corp' for documents.</p><p>If possible, ensure that the end user uses a standards-compliant and modern web browser that supports the Cross-Origin-Embedder-Policy header (https://caniuse.com/mdn-http_headers_cross-origin-embedder-policy).</p>",
					"otherinfo": "",
					"reference": "<p>https://developer.mozilla.org/en-US/docs/Web/HTTP/Reference/Headers/Cross-Origin-Embedder-Policy</p>",
					"cweid": "693",
					"wascid": "14",
					"sourceid": "8"
				},
				{
					"pluginid": "10096",
					"alertRef": "10096",
					"alert": "Timestamp Disclosure - Unix",
					"name": "Timestamp Disclosure - Unix",
					"riskcode": "1",
					"confidence": "1",
					"riskdesc": "Low (Low)",
					"desc": "<p>A timestamp was disclosed by the application/web server. - Unix</p>",
					"instances":[ 
						{
							"id": "21",
							"uri": "http://192.168.56.1:3000",
							"nodeName": "http:\/\/192.168.56.1:3000",
							"method": "GET",
							"param": "",
							"attack": "",
							"evidence": "1650485437",
							"otherinfo": "1650485437, which evaluates to: 2022-04-20 20:10:37."
						},
						{
							"id": "24",
							"uri": "http://192.168.56.1:3000",
							"nodeName": "http:\/\/192.168.56.1:3000",
							"method": "GET",
							"param": "",
							"attack": "",
							"evidence": "2038834951",
							"otherinfo": "2038834951, which evaluates to: 2034-08-10 15:02:31."
						},
						{
							"id": "19",
							"uri": "http://192.168.56.1:3000/sitemap.xml",
							"nodeName": "http:\/\/192.168.56.1:3000\/sitemap.xml",
							"method": "GET",
							"param": "",
							"attack": "",
							"evidence": "1650485437",
							"otherinfo": "1650485437, which evaluates to: 2022-04-20 20:10:37."
						},
						{
							"id": "23",
							"uri": "http://192.168.56.1:3000/sitemap.xml",
							"nodeName": "http:\/\/192.168.56.1:3000\/sitemap.xml",
							"method": "GET",
							"param": "",
							"attack": "",
							"evidence": "1981395349",
							"otherinfo": "1981395349, which evaluates to: 2032-10-14 19:35:49."
						},
						{
							"id": "20",
							"uri": "http://192.168.56.1:3000/sitemap.xml",
							"nodeName": "http:\/\/192.168.56.1:3000\/sitemap.xml",
							"method": "GET",
							"param": "",
							"attack": "",
							"evidence": "2038834951",
							"otherinfo": "2038834951, which evaluates to: 2034-08-10 15:02:31."
						}
					],
					"count": "5",
					"systemic": true,
					"solution": "<p>Manually confirm that the timestamp data is not sensitive, and that the data cannot be aggregated to disclose exploitable patterns.</p>",
					"otherinfo": "<p>1650485437, which evaluates to: 2022-04-20 20:10:37.</p>",
					"reference": "<p>https://cwe.mitre.org/data/definitions/200.html</p>",
					"cweid": "497",
					"wascid": "13",
					"sourceid": "1"
				},
				{
					"pluginid": "10027",
					"alertRef": "10027",
					"alert": "Information Disclosure - Suspicious Comments",
					"name": "Information Disclosure - Suspicious Comments",
					"riskcode": "0",
					"confidence": "1",
					"riskdesc": "Informational (Low)",
					"desc": "<p>The response appears to contain suspicious comments which may help an attacker.</p>",
					"instances":[ 
						{
							"id": "52",
							"uri": "http://192.168.56.1:3000/main.js",
							"nodeName": "http:\/\/192.168.56.1:3000\/main.js",
							"method": "GET",
							"param": "",
							"attack": "",
							"evidence": "query",
							"otherinfo": "The following pattern was used: \\bQUERY\\b and was detected in likely comment: \"//owasp.org' target='_blank'>Open Worldwide Application Security Project (OWASP)</a> and is developed and maintained by voluntee\", see evidence field for the suspicious comment/snippet."
						},
						{
							"id": "70",
							"uri": "http://192.168.56.1:3000/vendor.js",
							"nodeName": "http:\/\/192.168.56.1:3000\/vendor.js",
							"method": "GET",
							"param": "",
							"attack": "",
							"evidence": "Query",
							"otherinfo": "The following pattern was used: \\bQUERY\\b and was detected in likely comment: \"//www.w3.org/2000/svg\" viewBox=\"0 0 512 512\"><path d=\"M0 256C0 397.4 114.6 512 256 512s256-114.6 256-256S397.4 0 256 0S0 114.6 0\", see evidence field for the suspicious comment/snippet."
						}
					],
					"count": "2",
					"systemic": false,
					"solution": "<p>Remove all comments that return information that may help an attacker and fix any underlying problems they refer to.</p>",
					"otherinfo": "<p>The following pattern was used: \\bQUERY\\b and was detected in likely comment: \"//owasp.org' target='_blank'>Open Worldwide Application Security Project (OWASP)</a> and is developed and maintained by voluntee\", see evidence field for the suspicious comment/snippet.</p>",
					"reference": "",
					"cweid": "615",
					"wascid": "13",
					"sourceid": "22"
				},
				{
					"pluginid": "10109",
					"alertRef": "10109",
					"alert": "Modern Web Application",
					"name": "Modern Web Application",
					"riskcode": "0",
					"confidence": "2",
					"riskdesc": "Informational (Medium)",
					"desc": "<p>The application appears to be a modern web application. If you need to explore it automatically then the Ajax Spider may well be more effective than the standard one.</p>",
					"instances":[ 
						{
							"id": "16",
							"uri": "http://192.168.56.1:3000",
							"nodeName": "http:\/\/192.168.56.1:3000",
							"method": "GET",
							"param": "",
							"attack": "",
							"evidence": "<script src=\"//cdnjs.cloudflare.com/ajax/libs/cookieconsent2/3.1.0/cookieconsent.min.js\"></script>",
							"otherinfo": "No links have been found while there are scripts, which is an indication that this is a modern web application."
						},
						{
							"id": "96",
							"uri": "http://192.168.56.1:3000/",
							"nodeName": "http:\/\/192.168.56.1:3000\/",
							"method": "GET",
							"param": "",
							"attack": "",
							"evidence": "<script src=\"//cdnjs.cloudflare.com/ajax/libs/cookieconsent2/3.1.0/cookieconsent.min.js\"></script>",
							"otherinfo": "No links have been found while there are scripts, which is an indication that this is a modern web application."
						},
						{
							"id": "107",
							"uri": "http://192.168.56.1:3000/juice-shop/build/routes/fileServer.js:43:13",
							"nodeName": "http:\/\/192.168.56.1:3000\/juice-shop\/build\/routes\/fileServer.js:43:13",
							"method": "GET",
							"param": "",
							"attack": "",
							"evidence": "<script src=\"//cdnjs.cloudflare.com/ajax/libs/cookieconsent2/3.1.0/cookieconsent.min.js\"></script>",
							"otherinfo": "No links have been found while there are scripts, which is an indication that this is a modern web application."
						},
						{
							"id": "106",
							"uri": "http://192.168.56.1:3000/juice-shop/build/routes/fileServer.js:59:18",
							"nodeName": "http:\/\/192.168.56.1:3000\/juice-shop\/build\/routes\/fileServer.js:59:18",
							"method": "GET",
							"param": "",
							"attack": "",
							"evidence": "<script src=\"//cdnjs.cloudflare.com/ajax/libs/cookieconsent2/3.1.0/cookieconsent.min.js\"></script>",
							"otherinfo": "No links have been found while there are scripts, which is an indication that this is a modern web application."
						},
						{
							"id": "18",
							"uri": "http://192.168.56.1:3000/sitemap.xml",
							"nodeName": "http:\/\/192.168.56.1:3000\/sitemap.xml",
							"method": "GET",
							"param": "",
							"attack": "",
							"evidence": "<script src=\"//cdnjs.cloudflare.com/ajax/libs/cookieconsent2/3.1.0/cookieconsent.min.js\"></script>",
							"otherinfo": "No links have been found while there are scripts, which is an indication that this is a modern web application."
						}
					],
					"count": "5",
					"systemic": true,
					"solution": "<p>This is an informational alert and so no changes are required.</p>",
					"otherinfo": "<p>No links have been found while there are scripts, which is an indication that this is a modern web application.</p>",
					"reference": "",
					"cweid": "-1",
					"wascid": "-1",
					"sourceid": "1"
				},
				{
					"pluginid": "10049",
					"alertRef": "10049-1",
					"alert": "Non-Storable Content",
					"name": "Non-Storable Content",
					"riskcode": "0",
					"confidence": "2",
					"riskdesc": "Informational (Medium)",
					"desc": "<p>The response contents are not storable by caching components such as proxy servers. If the response does not contain sensitive, personal or user-specific information, it may benefit from being stored and cached, to improve performance.</p>",
					"instances":[ 
						{
							"id": "80",
							"uri": "http://192.168.56.1:3000/ftp/coupons_2013.md.bak",
							"nodeName": "http:\/\/192.168.56.1:3000\/ftp\/coupons_2013.md.bak",
							"method": "GET",
							"param": "",
							"attack": "",
							"evidence": "403",
							"otherinfo": ""
						},
						{
							"id": "85",
							"uri": "http://192.168.56.1:3000/ftp/eastere.gg",
							"nodeName": "http:\/\/192.168.56.1:3000\/ftp\/eastere.gg",
							"method": "GET",
							"param": "",
							"attack": "",
							"evidence": "403",
							"otherinfo": ""
						}
					],
					"count": "2",
					"systemic": true,
					"solution": "<p>The content may be marked as storable by ensuring that the following conditions are satisfied:</p><p>The request method must be understood by the cache and defined as being cacheable (\"GET\", \"HEAD\", and \"POST\" are currently defined as cacheable)</p><p>The response status code must be understood by the cache (one of the 1XX, 2XX, 3XX, 4XX, or 5XX response classes are generally understood)</p><p>The \"no-store\" cache directive must not appear in the request or response header fields</p><p>For caching by \"shared\" caches such as \"proxy\" caches, the \"private\" response directive must not appear in the response</p><p>For caching by \"shared\" caches such as \"proxy\" caches, the \"Authorization\" header field must not appear in the request, unless the response explicitly allows it (using one of the \"must-revalidate\", \"public\", or \"s-maxage\" Cache-Control response directives)</p><p>In addition to the conditions above, at least one of the following conditions must also be satisfied by the response:</p><p>It must contain an \"Expires\" header field</p><p>It must contain a \"max-age\" response directive</p><p>For \"shared\" caches such as \"proxy\" caches, it must contain a \"s-maxage\" response directive</p><p>It must contain a \"Cache Control Extension\" that allows it to be cached</p><p>It must have a status code that is defined as cacheable by default (200, 203, 204, 206, 300, 301, 404, 405, 410, 414, 501).</p>",
					"otherinfo": "",
					"reference": "<p>https://datatracker.ietf.org/doc/html/rfc7234</p><p>https://datatracker.ietf.org/doc/html/rfc7231</p><p>https://www.w3.org/Protocols/rfc2616/rfc2616-sec13.html</p>",
					"cweid": "524",
					"wascid": "13",
					"sourceid": "40"
				},
				{
					"pluginid": "10049",
					"alertRef": "10049-3",
					"alert": "Storable and Cacheable Content",
					"name": "Storable and Cacheable Content",
					"riskcode": "0",
					"confidence": "2",
					"riskdesc": "Informational (Medium)",
					"desc": "<p>The response contents are storable by caching components such as proxy servers, and may be retrieved directly from the cache, rather than from the origin server by the caching servers, in response to similar requests from other users. If the response data is sensitive, personal or user-specific, this may result in sensitive information being leaked. In some cases, this may even result in a user gaining complete control of the session of another user, depending on the configuration of the caching components in use in their environment. This is primarily an issue where \"shared\" caching servers such as \"proxy\" caches are configured on the local network. This configuration is typically found in corporate or educational environments, for instance.</p>",
					"instances":[ 
						{
							"id": "84",
							"uri": "http://192.168.56.1:3000/ftp",
							"nodeName": "http:\/\/192.168.56.1:3000\/ftp",
							"method": "GET",
							"param": "",
							"attack": "",
							"evidence": "",
							"otherinfo": "In the absence of an explicitly specified caching lifetime directive in the response, a liberal lifetime heuristic of 1 year was assumed. This is permitted by rfc7234."
						},
						{
							"id": "14",
							"uri": "http://192.168.56.1:3000/robots.txt",
							"nodeName": "http:\/\/192.168.56.1:3000\/robots.txt",
							"method": "GET",
							"param": "",
							"attack": "",
							"evidence": "",
							"otherinfo": "In the absence of an explicitly specified caching lifetime directive in the response, a liberal lifetime heuristic of 1 year was assumed. This is permitted by rfc7234."
						}
					],
					"count": "2",
					"systemic": true,
					"solution": "<p>Validate that the response does not contain sensitive, personal or user-specific information. If it does, consider the use of the following HTTP response headers, to limit, or prevent the content being stored and retrieved from the cache by another user:</p><p>Cache-Control: no-cache, no-store, must-revalidate, private</p><p>Pragma: no-cache</p><p>Expires: 0</p><p>This configuration directs both HTTP 1.0 and HTTP 1.1 compliant caching servers to not store the response, and to not retrieve the response (without validation) from the cache, in response to a similar request.</p>",
					"otherinfo": "<p>In the absence of an explicitly specified caching lifetime directive in the response, a liberal lifetime heuristic of 1 year was assumed. This is permitted by rfc7234.</p>",
					"reference": "<p>https://datatracker.ietf.org/doc/html/rfc7234</p><p>https://datatracker.ietf.org/doc/html/rfc7231</p><p>https://www.w3.org/Protocols/rfc2616/rfc2616-sec13.html</p>",
					"cweid": "524",
					"wascid": "13",
					"sourceid": "24"
				},
				{
					"pluginid": "10049",
					"alertRef": "10049-2",
					"alert": "Storable but Non-Cacheable Content",
					"name": "Storable but Non-Cacheable Content",
					"riskcode": "0",
					"confidence": "2",
					"riskdesc": "Informational (Medium)",
					"desc": "<p>The response contents are storable by caching components such as proxy servers, but will not be retrieved directly from the cache, without validating the request upstream, in response to similar requests from other users.</p>",
					"instances":[ 
						{
							"id": "40",
							"uri": "http://192.168.56.1:3000",
							"nodeName": "http:\/\/192.168.56.1:3000",
							"method": "GET",
							"param": "",
							"attack": "",
							"evidence": "max-age=0",
							"otherinfo": ""
						},
						{
							"id": "31",
							"uri": "http://192.168.56.1:3000/assets/public/favicon_js.ico",
							"nodeName": "http:\/\/192.168.56.1:3000\/assets\/public\/favicon_js.ico",
							"method": "GET",
							"param": "",
							"attack": "",
							"evidence": "max-age=0",
							"otherinfo": ""
						},
						{
							"id": "33",
							"uri": "http://192.168.56.1:3000/polyfills.js",
							"nodeName": "http:\/\/192.168.56.1:3000\/polyfills.js",
							"method": "GET",
							"param": "",
							"attack": "",
							"evidence": "max-age=0",
							"otherinfo": ""
						},
						{
							"id": "28",
							"uri": "http://192.168.56.1:3000/runtime.js",
							"nodeName": "http:\/\/192.168.56.1:3000\/runtime.js",
							"method": "GET",
							"param": "",
							"attack": "",
							"evidence": "max-age=0",
							"otherinfo": ""
						},
						{
							"id": "36",
							"uri": "http://192.168.56.1:3000/sitemap.xml",
							"nodeName": "http:\/\/192.168.56.1:3000\/sitemap.xml",
							"method": "GET",
							"param": "",
							"attack": "",
							"evidence": "max-age=0",
							"otherinfo": ""
						}
					],
					"count": "5",
					"systemic": true,
					"solution": "",
					"otherinfo": "",
					"reference": "<p>https://datatracker.ietf.org/doc/html/rfc7234</p><p>https://datatracker.ietf.org/doc/html/rfc7231</p><p>https://www.w3.org/Protocols/rfc2616/rfc2616-sec13.html</p>",
					"cweid": "524",
					"wascid": "13",
					"sourceid": "8"
				}
			]
		}
	],
	"sequences":[
	]

}
