﻿[
    {
        "Id": "4ae5ce4bb97b02fe8280417ab026c3d50d71819e93bec3480c695c910effcf96",
        "Created": "2026-02-05T11:34:45.098182061Z",
        "Path": "/nodejs/bin/node",
        "Args": [
            "/juice-shop/build/app.js"
        ],
        "State": {
            "Status": "running",
            "Running": true,
            "Paused": false,
            "Restarting": false,
            "OOMKilled": false,
            "Dead": false,
            "Pid": 557,
            "ExitCode": 0,
            "Error": "",
            "StartedAt": "2026-02-08T08:55:54.007056242Z",
            "FinishedAt": "2026-02-07T10:16:22.271351099Z"
        },
        "Image": "sha256:e68bd19091f952a0cdf75c5ca318d92e7a06b350ab5a88446f2bf62daf2e88c9",
        "ResolvConfPath": "/var/lib/docker/containers/4ae5ce4bb97b02fe8280417ab026c3d50d71819e93bec3480c695c910effcf96/resolv.conf",
        "HostnamePath": "/var/lib/docker/containers/4ae5ce4bb97b02fe8280417ab026c3d50d71819e93bec3480c695c910effcf96/hostname",
        "HostsPath": "/var/lib/docker/containers/4ae5ce4bb97b02fe8280417ab026c3d50d71819e93bec3480c695c910effcf96/hosts",
        "LogPath": "/var/lib/docker/containers/4ae5ce4bb97b02fe8280417ab026c3d50d71819e93bec3480c695c910effcf96/4ae5ce4bb97b02fe8280417ab026c3d50d71819e93bec3480c695c910effcf96-json.log",
        "Name": "/juice-shop",
        "RestartCount": 0,
        "Driver": "overlayfs",
        "Platform": "linux",
        "MountLabel": "",
        "ProcessLabel": "",
        "AppArmorProfile": "",
        "ExecIDs": null,
        "HostConfig": {
            "Binds": null,
            "ContainerIDFile": "",
            "LogConfig": {
                "Type": "json-file",
                "Config": {}
            },
            "NetworkMode": "bridge",
            "PortBindings": {
                "3000/tcp": [
                    {
                        "HostIp": "",
                        "HostPort": "3000"
                    }
                ]
            },
            "RestartPolicy": {
                "Name": "no",
                "MaximumRetryCount": 0
            },
            "AutoRemove": false,
            "VolumeDriver": "",
            "VolumesFrom": null,
            "ConsoleSize": [
                30,
                120
            ],
            "CapAdd": null,
            "CapDrop": null,
            "CgroupnsMode": "private",
            "Dns": [],
            "DnsOptions": [],
            "DnsSearch": [],
            "ExtraHosts": null,
            "GroupAdd": null,
            "IpcMode": "private",
            "Cgroup": "",
            "Links": null,
            "OomScoreAdj": 0,
            "PidMode": "",
            "Privileged": false,
            "PublishAllPorts": false,
            "ReadonlyRootfs": false,
            "SecurityOpt": null,
            "UTSMode": "",
            "UsernsMode": "",
            "ShmSize": 67108864,
            "Runtime": "runc",
            "Isolation": "",
            "CpuShares": 0,
            "Memory": 0,
            "NanoCpus": 0,
            "CgroupParent": "",
            "BlkioWeight": 0,
            "BlkioWeightDevice": [],
            "BlkioDeviceReadBps": [],
            "BlkioDeviceWriteBps": [],
            "BlkioDeviceReadIOps": [],
            "BlkioDeviceWriteIOps": [],
            "CpuPeriod": 0,
            "CpuQuota": 0,
            "CpuRealtimePeriod": 0,
            "CpuRealtimeRuntime": 0,
            "CpusetCpus": "",
            "CpusetMems": "",
            "Devices": [],
            "DeviceCgroupRules": null,
            "DeviceRequests": null,
            "MemoryReservation": 0,
            "MemorySwap": 0,
            "MemorySwappiness": null,
            "OomKillDisable": null,
            "PidsLimit": null,
            "Ulimits": [],
            "CpuCount": 0,
            "CpuPercent": 0,
            "IOMaximumIOps": 0,
            "IOMaximumBandwidth": 0,
            "MaskedPaths": [
                "/proc/acpi",
                "/proc/asound",
                "/proc/interrupts",
                "/proc/kcore",
                "/proc/keys",
                "/proc/latency_stats",
                "/proc/sched_debug",
                "/proc/scsi",
                "/proc/timer_list",
                "/proc/timer_stats",
                "/sys/devices/virtual/powercap",
                "/sys/firmware"
            ],
            "ReadonlyPaths": [
                "/proc/bus",
                "/proc/fs",
                "/proc/irq",
                "/proc/sys",
                "/proc/sysrq-trigger"
            ]
        },
        "Storage": {
            "RootFS": {
                "Snapshot": {
                    "Name": "overlayfs"
                }
            }
        },
        "Mounts": [],
        "Config": {
            "Hostname": "4ae5ce4bb97b",
            "Domainname": "",
            "User": "65532",
            "AttachStdin": false,
            "AttachStdout": false,
            "AttachStderr": false,
            "ExposedPorts": {
                "3000/tcp": {}
            },
            "Tty": false,
            "OpenStdin": false,
            "StdinOnce": false,
            "Env": [
                "PATH=/usr/local/sbin:/usr/local/bin:/usr/sbin:/usr/bin:/sbin:/bin",
                "SSL_CERT_FILE=/etc/ssl/certs/ca-certificates.crt"
            ],
            "Cmd": [
                "/juice-shop/build/app.js"
            ],
            "Image": "bkimminich/juice-shop",
            "Volumes": null,
            "WorkingDir": "/juice-shop",
            "Entrypoint": [
                "/nodejs/bin/node"
            ],
            "Labels": {
                "maintainer": "Bjoern Kimminich \u003cbjoern.kimminich@owasp.org\u003e",
                "org.opencontainers.image.authors": "Bjoern Kimminich \u003cbjoern.kimminich@owasp.org\u003e",
                "org.opencontainers.image.created": "ÔÇØ2026-01-05T09:22:39ZÔÇØ",
                "org.opencontainers.image.description": "Probably the most modern and sophisticated insecure web application",
                "org.opencontainers.image.documentation": "https://help.owasp-juice.shop",
                "org.opencontainers.image.licenses": "MIT",
                "org.opencontainers.image.revision": "b764489",
                "org.opencontainers.image.source": "https://github.com/juice-shop/juice-shop",
                "org.opencontainers.image.title": "OWASP Juice Shop",
                "org.opencontainers.image.url": "https://owasp-juice.shop",
                "org.opencontainers.image.vendor": "Open Worldwide Application Security Project",
                "org.opencontainers.image.version": "19.1.1"
            },
            "StopTimeout": 1
        },
        "NetworkSettings": {
            "SandboxID": "48ea44cc82f5791422bc71be430eaefd20f67020033e83b1f7fd7d863b867aa4",
            "SandboxKey": "/var/run/docker/netns/48ea44cc82f5",
            "Ports": {
                "3000/tcp": [
                    {
                        "HostIp": "0.0.0.0",
                        "HostPort": "3000"
                    },
                    {
                        "HostIp": "::",
                        "HostPort": "3000"
                    }
                ]
            },
            "Networks": {
                "bridge": {
                    "IPAMConfig": null,
                    "Links": null,
                    "Aliases": null,
                    "DriverOpts": null,
                    "GwPriority": 0,
                    "NetworkID": "54f6315bd989e5c6a495180dd57824210bbafed930f0c48f93c1d52d3776e4a5",
                    "EndpointID": "7b2b1cc24527f8e4c48b0a3059993c87777a90f987bfe20ca6e0168455be4589",
                    "Gateway": "172.17.0.1",
                    "IPAddress": "172.17.0.2",
                    "MacAddress": "72:79:11:be:ae:88",
                    "IPPrefixLen": 16,
                    "IPv6Gateway": "",
                    "GlobalIPv6Address": "",
                    "GlobalIPv6PrefixLen": 0,
                    "DNSNames": null
                }
            }
        },
        "ImageManifestDescriptor": {
            "mediaType": "application/vnd.oci.image.manifest.v1+json",
            "digest": "sha256:328488adc3b05370fca40d67db24ded037c515439aaa8936a28e857f2f85598c",
            "size": 4276,
            "platform": {
                "architecture": "amd64",
                "os": "linux"
            }
        }
    }
]
