﻿[
    {
        "Id": "96a1793eef2ddbf26950d38313df80dd6fa4f2411a89e2d6b04d46bc4c83a53a",
        "Created": "2026-02-05T11:46:31.921510623Z",
        "Path": "python",
        "Args": [
            "app.py"
        ],
        "State": {
            "Status": "running",
            "Running": true,
            "Paused": false,
            "Restarting": false,
            "OOMKilled": false,
            "Dead": false,
            "Pid": 462,
            "ExitCode": 0,
            "Error": "",
            "StartedAt": "2026-02-08T08:55:52.818505688Z",
            "FinishedAt": "2026-02-07T10:16:23.536739724Z"
        },
        "Image": "sha256:ba17a7e5e68f95a0a54c64ae8c96c20a0a5d223dc6af2fca79bcdacab2820cb5",
        "ResolvConfPath": "/var/lib/docker/containers/96a1793eef2ddbf26950d38313df80dd6fa4f2411a89e2d6b04d46bc4c83a53a/resolv.conf",
        "HostnamePath": "/var/lib/docker/containers/96a1793eef2ddbf26950d38313df80dd6fa4f2411a89e2d6b04d46bc4c83a53a/hostname",
        "HostsPath": "/var/lib/docker/containers/96a1793eef2ddbf26950d38313df80dd6fa4f2411a89e2d6b04d46bc4c83a53a/hosts",
        "LogPath": "/var/lib/docker/containers/96a1793eef2ddbf26950d38313df80dd6fa4f2411a89e2d6b04d46bc4c83a53a/96a1793eef2ddbf26950d38313df80dd6fa4f2411a89e2d6b04d46bc4c83a53a-json.log",
        "Name": "/vampi-vulnerable",
        "RestartCount": 0,
        "Driver": "overlayfs",
        "Platform": "linux",
        "MountLabel": "",
        "ProcessLabel": "",
        "AppArmorProfile": "",
        "ExecIDs": null,
        "HostConfig": {
            "Binds": null,
            "ContainerIDFile": "",
            "LogConfig": {
                "Type": "json-file",
                "Config": {}
            },
            "NetworkMode": "vampi_default",
            "PortBindings": {
                "5000/tcp": [
                    {
                        "HostIp": "",
                        "HostPort": "5002"
                    }
                ]
            },
            "RestartPolicy": {
                "Name": "no",
                "MaximumRetryCount": 0
            },
            "AutoRemove": false,
            "VolumeDriver": "",
            "VolumesFrom": null,
            "ConsoleSize": [
                0,
                0
            ],
            "CapAdd": null,
            "CapDrop": null,
            "CgroupnsMode": "private",
            "Dns": [],
            "DnsOptions": [],
            "DnsSearch": [],
            "ExtraHosts": [],
            "GroupAdd": null,
            "IpcMode": "private",
            "Cgroup": "",
            "Links": null,
            "OomScoreAdj": 0,
            "PidMode": "",
            "Privileged": false,
            "PublishAllPorts": false,
            "ReadonlyRootfs": false,
            "SecurityOpt": null,
            "UTSMode": "",
            "UsernsMode": "",
            "ShmSize": 67108864,
            "Runtime": "runc",
            "Isolation": "",
            "CpuShares": 0,
            "Memory": 0,
            "NanoCpus": 0,
            "CgroupParent": "",
            "BlkioWeight": 0,
            "BlkioWeightDevice": null,
            "BlkioDeviceReadBps": null,
            "BlkioDeviceWriteBps": null,
            "BlkioDeviceReadIOps": null,
            "BlkioDeviceWriteIOps": null,
            "CpuPeriod": 0,
            "CpuQuota": 0,
            "CpuRealtimePeriod": 0,
            "CpuRealtimeRuntime": 0,
            "CpusetCpus": "",
            "CpusetMems": "",
            "Devices": null,
            "DeviceCgroupRules": null,
            "DeviceRequests": null,
            "MemoryReservation": 0,
            "MemorySwap": 0,
            "MemorySwappiness": null,
            "OomKillDisable": null,
            "PidsLimit": null,
            "Ulimits": null,
            "CpuCount": 0,
            "CpuPercent": 0,
            "IOMaximumIOps": 0,
            "IOMaximumBandwidth": 0,
            "MaskedPaths": [
                "/proc/acpi",
                "/proc/asound",
                "/proc/interrupts",
                "/proc/kcore",
                "/proc/keys",
                "/proc/latency_stats",
                "/proc/sched_debug",
                "/proc/scsi",
                "/proc/timer_list",
                "/proc/timer_stats",
                "/sys/devices/virtual/powercap",
                "/sys/firmware"
            ],
            "ReadonlyPaths": [
                "/proc/bus",
                "/proc/fs",
                "/proc/irq",
                "/proc/sys",
                "/proc/sysrq-trigger"
            ]
        },
        "Storage": {
            "RootFS": {
                "Snapshot": {
                    "Name": "overlayfs"
                }
            }
        },
        "Mounts": [],
        "Config": {
            "Hostname": "96a1793eef2d",
            "Domainname": "",
            "User": "",
            "AttachStdin": false,
            "AttachStdout": true,
            "AttachStderr": true,
            "ExposedPorts": {
                "5000/tcp": {}
            },
            "Tty": false,
            "OpenStdin": false,
            "StdinOnce": false,
            "Env": [
                "vulnerable=1",
                "PATH=/usr/local/bin:/usr/local/sbin:/usr/local/bin:/usr/sbin:/usr/bin:/sbin:/bin",
                "LANG=C.UTF-8",
                "GPG_KEY=A035C8C19219BA821ECEA86B64E628F8D684696D",
                "PYTHON_VERSION=3.11.14",
                "PYTHON_SHA256=8d3ed8ec5c88c1c95f5e558612a725450d2452813ddad5e58fdb1a53b1209b78",
                "tokentimetolive=60"
            ],
            "Cmd": [
                "app.py"
            ],
            "Image": "vampi-vampi-vulnerable",
            "Volumes": null,
            "WorkingDir": "/vampi",
            "Entrypoint": [
                "python"
            ],
            "Labels": {
                "com.docker.compose.config-hash": "95b57bc11f9a6a9319bf078f4cb1c3b6b5e1345e07903effa87b428cf2653720",
                "com.docker.compose.container-number": "1",
                "com.docker.compose.depends_on": "",
                "com.docker.compose.image": "sha256:ba17a7e5e68f95a0a54c64ae8c96c20a0a5d223dc6af2fca79bcdacab2820cb5",
                "com.docker.compose.oneoff": "False",
                "com.docker.compose.project": "vampi",
                "com.docker.compose.project.config_files": "C:\\Users\\usuari\\VAmPI\\docker-compose.yaml",
                "com.docker.compose.project.working_dir": "C:\\Users\\usuari\\VAmPI",
                "com.docker.compose.service": "vampi-vulnerable",
                "com.docker.compose.version": "5.0.1"
            },
            "StopTimeout": 1
        },
        "NetworkSettings": {
            "SandboxID": "8fc21baf13b5ea63612898ddc6b5b8b09420c7022a1403b61627f86f0b41d3a1",
            "SandboxKey": "/var/run/docker/netns/8fc21baf13b5",
            "Ports": {
                "5000/tcp": [
                    {
                        "HostIp": "0.0.0.0",
                        "HostPort": "5002"
                    },
                    {
                        "HostIp": "::",
                        "HostPort": "5002"
                    }
                ]
            },
            "Networks": {
                "vampi_default": {
                    "IPAMConfig": null,
                    "Links": null,
                    "Aliases": [
                        "vampi-vulnerable",
                        "vampi-vulnerable"
                    ],
                    "DriverOpts": null,
                    "GwPriority": 0,
                    "NetworkID": "9231de215d9c29db4d98ea6f2ca173468497793bd036279d52714d3de73f6aa0",
                    "EndpointID": "45fe08107c84f4c08649436947959a571b7dac321588f265cd4b9a5d4df65573",
                    "Gateway": "172.18.0.1",
                    "IPAddress": "172.18.0.3",
                    "MacAddress": "7e:06:65:8f:71:ad",
                    "IPPrefixLen": 16,
                    "IPv6Gateway": "",
                    "GlobalIPv6Address": "",
                    "GlobalIPv6PrefixLen": 0,
                    "DNSNames": [
                        "vampi-vulnerable",
                        "96a1793eef2d"
                    ]
                }
            }
        },
        "ImageManifestDescriptor": {
            "mediaType": "application/vnd.oci.image.manifest.v1+json",
            "digest": "sha256:cff734581788caf03edda14815413cbb62cdb8c7bbd79f3816bc2c05637bb363",
            "size": 1812,
            "platform": {
                "architecture": "amd64",
                "os": "linux"
            }
        }
    }
]
